{
  "workloads": [
    "bi",
    "classic",
    "geo",
    "log",
    "ml",
    "core"
  ],
  "file_size_mb": {
    "parquet": [
      20.51244068145752,
      188.7145872116089,
      106.40127372741699,
      17.054584503173828,
      74.66099834442139,
      47.541932106018066
    ],
    "orc": [
      75.5243148803711,
      223.5672197341919,
      162.1271390914917,
      137.77058029174805,
      127.11721897125244,
      66.58185577392578
    ]
  },
  "full_scan_rows_per_sec": {
    "parquet": [
      2835868.352477446,
      704980.2509825546,
      1066363.2931110144,
      2689805.653299543,
      1523645.8260489048,
      1113094.1927145256
    ],
    "orc": [
      2428841.7973487433,
      572832.8342850986,
      668906.4726196656,
      1946467.1995856522,
      1253463.2704637542,
      729653.6536401734
    ]
  },
  "selection_latency_10pct_ms": {
    "parquet": [
      0.34628318389877677,
      13.057233404833823,
      0.35605839220806956,
      0.37820839788764715,
      23.627158405724913,
      0.19514999585226178
    ],
    "orc": [
      0.3362581832334399,
      12.684966588858515,
      0.3198085934855044,
      0.3206249908544123,
      24.01038301177323,
      0.23434980539605021
    ]
  }
}